"","seg_id","stop_a_id","stop_b_id","stop_a_nam","stop_b_nam","st_astext","st_astext.1","2017-02-04 11:22:29_dev1","2017-02-04 11:22:29_bus1","2017-02-04 11:22:29_time1","2017-02-04 11:23:27_dev1","2017-02-04 11:23:27_bus1","2017-02-04 11:23:27_time1","2017-02-04 11:24:26_dev1","2017-02-04 11:24:26_bus1","2017-02-04 11:24:26_time1","2017-02-04 11:25:13_dev1","2017-02-04 11:25:13_bus1","2017-02-04 11:25:13_time1","2017-02-04 11:26:11_dev1","2017-02-04 11:26:11_bus1","2017-02-04 11:26:11_time1","2017-02-04 11:27:08_dev1","2017-02-04 11:27:08_bus1","2017-02-04 11:27:08_time1","2017-02-04 11:28:06_dev1","2017-02-04 11:28:06_bus1","2017-02-04 11:28:06_time1","2017-02-04 11:29:04_dev1","2017-02-04 11:29:04_bus1","2017-02-04 11:29:04_time1","2017-02-04 11:30:02_dev1","2017-02-04 11:30:02_bus1","2017-02-04 11:30:02_time1","2017-02-04 11:30:02_dev2","2017-02-04 11:30:02_bus2","2017-02-04 11:30:02_time2","2017-02-04 11:30:59_dev1","2017-02-04 11:30:59_bus1","2017-02-04 11:30:59_time1","2017-02-04 11:30:59_dev2","2017-02-04 11:30:59_bus2","2017-02-04 11:30:59_time2","2017-02-04 11:31:59_dev1","2017-02-04 11:31:59_bus1","2017-02-04 11:31:59_time1","2017-02-04 11:31:59_dev2","2017-02-04 11:31:59_bus2","2017-02-04 11:31:59_time2","2017-02-04 11:32:56_dev1","2017-02-04 11:32:56_bus1","2017-02-04 11:32:56_time1","2017-02-04 11:32:56_dev2","2017-02-04 11:32:56_bus2","2017-02-04 11:32:56_time2","2017-02-04 12:15:16_dev1","2017-02-04 12:15:16_bus1","2017-02-04 12:15:16_time1","2017-02-04 12:15:16_dev2","2017-02-04 12:15:16_bus2","2017-02-04 12:15:16_time2","2017-02-04 12:16:13_dev1","2017-02-04 12:16:13_bus1","2017-02-04 12:16:13_time1","2017-02-04 12:16:13_dev2","2017-02-04 12:16:13_bus2","2017-02-04 12:16:13_time2","2017-02-04 12:17:11_dev1","2017-02-04 12:17:11_bus1","2017-02-04 12:17:11_time1","2017-02-04 12:17:11_dev2","2017-02-04 12:17:11_bus2","2017-02-04 12:17:11_time2","2017-02-04 12:18:08_dev1","2017-02-04 12:18:08_bus1","2017-02-04 12:18:08_time1","2017-02-04 12:18:08_dev2","2017-02-04 12:18:08_bus2","2017-02-04 12:18:08_time2","2017-02-04 12:19:07_dev1","2017-02-04 12:19:07_bus1","2017-02-04 12:19:07_time1","2017-02-04 12:19:07_dev2","2017-02-04 12:19:07_bus2","2017-02-04 12:19:07_time2","2017-02-04 12:20:05_dev1","2017-02-04 12:20:05_bus1","2017-02-04 12:20:05_time1","2017-02-04 12:20:05_dev2","2017-02-04 12:20:05_bus2","2017-02-04 12:20:05_time2","2017-02-04 12:21:02_dev1","2017-02-04 12:21:02_bus1","2017-02-04 12:21:02_time1","2017-02-04 12:21:02_dev2","2017-02-04 12:21:02_bus2","2017-02-04 12:21:02_time2","2017-02-04 12:22:01_dev1","2017-02-04 12:22:01_bus1","2017-02-04 12:22:01_time1","2017-02-04 12:22:01_dev2","2017-02-04 12:22:01_bus2","2017-02-04 12:22:01_time2","2017-02-04 12:23:00_dev1","2017-02-04 12:23:00_bus1","2017-02-04 12:23:00_time1","2017-02-04 12:23:00_dev2","2017-02-04 12:23:00_bus2","2017-02-04 12:23:00_time2","2017-02-04 12:23:58_dev1","2017-02-04 12:23:58_bus1","2017-02-04 12:23:58_time1","2017-02-04 12:23:58_dev2","2017-02-04 12:23:58_bus2","2017-02-04 12:23:58_time2","2017-02-04 12:24:57_dev1","2017-02-04 12:24:57_bus1","2017-02-04 12:24:57_time1","2017-02-04 12:24:57_dev2","2017-02-04 12:24:57_bus2","2017-02-04 12:24:57_time2","2017-02-04 12:25:54_dev1","2017-02-04 12:25:54_bus1","2017-02-04 12:25:54_time1","2017-02-04 12:25:54_dev2","2017-02-04 12:25:54_bus2","2017-02-04 12:25:54_time2","2017-02-04 13:07:44_dev1","2017-02-04 13:07:44_bus1","2017-02-04 13:07:44_time1","2017-02-04 13:07:44_dev2","2017-02-04 13:07:44_bus2","2017-02-04 13:07:44_time2","2017-02-04 13:08:43_dev1","2017-02-04 13:08:43_bus1","2017-02-04 13:08:43_time1","2017-02-04 13:08:43_dev2","2017-02-04 13:08:43_bus2","2017-02-04 13:08:43_time2","2017-02-04 13:09:42_dev1","2017-02-04 13:09:42_bus1","2017-02-04 13:09:42_time1","2017-02-04 13:09:42_dev2","2017-02-04 13:09:42_bus2","2017-02-04 13:09:42_time2","2017-02-04 13:10:42_dev1","2017-02-04 13:10:42_bus1","2017-02-04 13:10:42_time1","2017-02-04 13:10:42_dev2","2017-02-04 13:10:42_bus2","2017-02-04 13:10:42_time2","2017-02-04 13:11:43_dev1","2017-02-04 13:11:43_bus1","2017-02-04 13:11:43_time1","2017-02-04 13:11:43_dev2","2017-02-04 13:11:43_bus2","2017-02-04 13:11:43_time2","2017-02-04 13:12:42_dev1","2017-02-04 13:12:42_bus1","2017-02-04 13:12:42_time1","2017-02-04 13:12:42_dev2","2017-02-04 13:12:42_bus2","2017-02-04 13:12:42_time2","2017-02-04 13:13:42_dev1","2017-02-04 13:13:42_bus1","2017-02-04 13:13:42_time1","2017-02-04 13:13:42_dev2","2017-02-04 13:13:42_bus2","2017-02-04 13:13:42_time2","2017-02-04 13:14:41_dev1","2017-02-04 13:14:41_bus1","2017-02-04 13:14:41_time1","2017-02-04 13:14:41_dev2","2017-02-04 13:14:41_bus2","2017-02-04 13:14:41_time2","2017-02-04 13:15:40_dev1","2017-02-04 13:15:40_bus1","2017-02-04 13:15:40_time1","2017-02-04 13:15:40_dev2","2017-02-04 13:15:40_bus2","2017-02-04 13:15:40_time2","2017-02-04 13:16:41_dev1","2017-02-04 13:16:41_bus1","2017-02-04 13:16:41_time1","2017-02-04 13:16:41_dev2","2017-02-04 13:16:41_bus2","2017-02-04 13:16:41_time2","2017-02-04 13:17:41_dev1","2017-02-04 13:17:41_bus1","2017-02-04 13:17:41_time1","2017-02-04 13:17:41_dev2","2017-02-04 13:17:41_bus2","2017-02-04 13:17:41_time2","2017-02-04 13:18:42_dev1","2017-02-04 13:18:42_bus1","2017-02-04 13:18:42_time1","2017-02-04 13:18:42_dev2","2017-02-04 13:18:42_bus2","2017-02-04 13:18:42_time2","2017-02-04 13:59:04_dev1","2017-02-04 13:59:04_bus1","2017-02-04 13:59:04_time1","2017-02-04 14:00:02_dev1","2017-02-04 14:00:02_bus1","2017-02-04 14:00:02_time1","2017-02-04 14:01:00_dev1","2017-02-04 14:01:00_bus1","2017-02-04 14:01:00_time1","2017-02-04 14:01:59_dev1","2017-02-04 14:01:59_bus1","2017-02-04 14:01:59_time1","2017-02-04 14:02:57_dev1","2017-02-04 14:02:57_bus1","2017-02-04 14:02:57_time1","2017-02-04 14:02:57_dev2","2017-02-04 14:02:57_bus2","2017-02-04 14:02:57_time2","2017-02-04 14:04:56_dev1","2017-02-04 14:04:56_bus1","2017-02-04 14:04:56_time1","2017-02-04 14:04:56_dev2","2017-02-04 14:04:56_bus2","2017-02-04 14:04:56_time2","2017-02-04 14:05:55_dev1","2017-02-04 14:05:55_bus1","2017-02-04 14:05:55_time1","2017-02-04 14:05:55_dev2","2017-02-04 14:05:55_bus2","2017-02-04 14:05:55_time2","2017-02-04 14:06:53_dev1","2017-02-04 14:06:53_bus1","2017-02-04 14:06:53_time1","2017-02-04 14:06:53_dev2","2017-02-04 14:06:53_bus2","2017-02-04 14:06:53_time2","2017-02-04 14:07:52_dev1","2017-02-04 14:07:52_bus1","2017-02-04 14:07:52_time1","2017-02-04 14:07:52_dev2","2017-02-04 14:07:52_bus2","2017-02-04 14:07:52_time2","2017-02-04 14:08:51_dev1","2017-02-04 14:08:51_bus1","2017-02-04 14:08:51_time1","2017-02-04 14:08:51_dev2","2017-02-04 14:08:51_bus2","2017-02-04 14:08:51_time2","2017-02-04 14:09:51_dev1","2017-02-04 14:09:51_bus1","2017-02-04 14:09:51_time1","2017-02-04 14:09:51_dev2","2017-02-04 14:09:51_bus2","2017-02-04 14:09:51_time2","2017-02-04 14:10:50_dev1","2017-02-04 14:10:50_bus1","2017-02-04 14:10:50_time1","2017-02-04 14:10:50_dev2","2017-02-04 14:10:50_bus2","2017-02-04 14:10:50_time2","2017-02-04 14:11:49_dev1","2017-02-04 14:11:49_bus1","2017-02-04 14:11:49_time1","2017-02-04 14:11:49_dev2","2017-02-04 14:11:49_bus2","2017-02-04 14:11:49_time2","2017-02-04 14:12:48_dev1","2017-02-04 14:12:48_bus1","2017-02-04 14:12:48_time1","2017-02-04 14:12:48_dev2","2017-02-04 14:12:48_bus2","2017-02-04 14:12:48_time2","2017-02-04 14:12:48_dev3","2017-02-04 14:12:48_bus3","2017-02-04 14:12:48_time3","2017-02-04 14:21:49_dev1","2017-02-04 14:21:49_bus1","2017-02-04 14:21:49_time1","2017-02-04 14:21:49_dev2","2017-02-04 14:21:49_bus2","2017-02-04 14:21:49_time2","2017-02-04 14:23:49_dev1","2017-02-04 14:23:49_bus1","2017-02-04 14:23:49_time1","2017-02-04 14:23:49_dev2","2017-02-04 14:23:49_bus2","2017-02-04 14:23:49_time2","2017-02-04 14:24:48_dev1","2017-02-04 14:24:48_bus1","2017-02-04 14:24:48_time1","2017-02-04 14:24:48_dev2","2017-02-04 14:24:48_bus2","2017-02-04 14:24:48_time2","2017-02-04 14:25:48_dev1","2017-02-04 14:25:48_bus1","2017-02-04 14:25:48_time1","2017-02-04 14:25:48_dev2","2017-02-04 14:25:48_bus2","2017-02-04 14:25:48_time2","2017-02-04 14:25:48_dev3","2017-02-04 14:25:48_bus3","2017-02-04 14:25:48_time3","2017-02-04 14:26:49_dev1","2017-02-04 14:26:49_bus1","2017-02-04 14:26:49_time1","2017-02-04 14:26:49_dev2","2017-02-04 14:26:49_bus2","2017-02-04 14:26:49_time2","2017-02-04 14:27:50_dev1","2017-02-04 14:27:50_bus1","2017-02-04 14:27:50_time1","2017-02-04 14:27:50_dev2","2017-02-04 14:27:50_bus2","2017-02-04 14:27:50_time2","2017-02-04 14:28:51_dev1","2017-02-04 14:28:51_bus1","2017-02-04 14:28:51_time1","2017-02-04 14:28:51_dev2","2017-02-04 14:28:51_bus2","2017-02-04 14:28:51_time2","2017-02-04 14:28:51_dev3","2017-02-04 14:28:51_bus3","2017-02-04 14:28:51_time3","2017-02-04 14:28:51_dev4","2017-02-04 14:28:51_bus4","2017-02-04 14:28:51_time4","2017-02-04 14:29:53_dev1","2017-02-04 14:29:53_bus1","2017-02-04 14:29:53_time1","2017-02-04 14:29:53_dev2","2017-02-04 14:29:53_bus2","2017-02-04 14:29:53_time2","2017-02-04 14:29:53_dev3","2017-02-04 14:29:53_bus3","2017-02-04 14:29:53_time3","2017-02-04 14:29:53_dev4","2017-02-04 14:29:53_bus4","2017-02-04 14:29:53_time4","2017-02-04 14:30:54_dev1","2017-02-04 14:30:54_bus1","2017-02-04 14:30:54_time1","2017-02-04 14:30:54_dev2","2017-02-04 14:30:54_bus2","2017-02-04 14:30:54_time2","2017-02-04 14:31:55_dev1","2017-02-04 14:31:55_bus1","2017-02-04 14:31:55_time1","2017-02-04 14:31:55_dev2","2017-02-04 14:31:55_bus2","2017-02-04 14:31:55_time2","2017-02-04 14:31:55_dev3","2017-02-04 14:31:55_bus3","2017-02-04 14:31:55_time3","2017-02-04 14:31:55_dev4","2017-02-04 14:31:55_bus4","2017-02-04 14:31:55_time4","2017-02-04 14:32:55_dev1","2017-02-04 14:32:55_bus1","2017-02-04 14:32:55_time1","2017-02-04 14:32:55_dev2","2017-02-04 14:32:55_bus2","2017-02-04 14:32:55_time2","2017-02-04 14:32:55_dev3","2017-02-04 14:32:55_bus3","2017-02-04 14:32:55_time3","2017-02-04 14:33:55_dev1","2017-02-04 14:33:55_bus1","2017-02-04 14:33:55_time1","2017-02-04 14:33:55_dev2","2017-02-04 14:33:55_bus2","2017-02-04 14:33:55_time2","2017-02-04 14:34:55_dev1","2017-02-04 14:34:55_bus1","2017-02-04 14:34:55_time1","2017-02-04 14:34:55_dev2","2017-02-04 14:34:55_bus2","2017-02-04 14:34:55_time2","2017-02-04 14:35:55_dev1","2017-02-04 14:35:55_bus1","2017-02-04 14:35:55_time1","2017-02-04 14:35:55_dev2","2017-02-04 14:35:55_bus2","2017-02-04 14:35:55_time2","2017-02-04 14:36:57_dev1","2017-02-04 14:36:57_bus1","2017-02-04 14:36:57_time1","2017-02-04 14:36:57_dev2","2017-02-04 14:36:57_bus2","2017-02-04 14:36:57_time2","2017-02-04 14:36:57_dev3","2017-02-04 14:36:57_bus3","2017-02-04 14:36:57_time3","2017-02-04 14:47:10_dev1","2017-02-04 14:47:10_bus1","2017-02-04 14:47:10_time1","2017-02-04 14:47:10_dev2","2017-02-04 14:47:10_bus2","2017-02-04 14:47:10_time2","2017-02-04 14:48:10_dev1","2017-02-04 14:48:10_bus1","2017-02-04 14:48:10_time1","2017-02-04 14:48:10_dev2","2017-02-04 14:48:10_bus2","2017-02-04 14:48:10_time2","2017-02-04 14:49:10_dev1","2017-02-04 14:49:10_bus1","2017-02-04 14:49:10_time1","2017-02-04 14:49:10_dev2","2017-02-04 14:49:10_bus2","2017-02-04 14:49:10_time2","2017-02-04 14:50:11_dev1","2017-02-04 14:50:11_bus1","2017-02-04 14:50:11_time1","2017-02-04 14:50:11_dev2","2017-02-04 14:50:11_bus2","2017-02-04 14:50:11_time2","2017-02-04 14:51:12_dev1","2017-02-04 14:51:12_bus1","2017-02-04 14:51:12_time1","2017-02-04 14:51:12_dev2","2017-02-04 14:51:12_bus2","2017-02-04 14:51:12_time2","2017-02-04 14:52:14_dev1","2017-02-04 14:52:14_bus1","2017-02-04 14:52:14_time1","2017-02-04 14:52:14_dev2","2017-02-04 14:52:14_bus2","2017-02-04 14:52:14_time2","2017-02-04 14:53:15_dev1","2017-02-04 14:53:15_bus1","2017-02-04 14:53:15_time1","2017-02-04 14:53:15_dev2","2017-02-04 14:53:15_bus2","2017-02-04 14:53:15_time2","2017-02-04 14:55:15_dev1","2017-02-04 14:55:15_bus1","2017-02-04 14:55:15_time1","2017-02-04 14:55:15_dev2","2017-02-04 14:55:15_bus2","2017-02-04 14:55:15_time2","2017-02-04 14:56:15_dev1","2017-02-04 14:56:15_bus1","2017-02-04 14:56:15_time1","2017-02-04 14:56:15_dev2","2017-02-04 14:56:15_bus2","2017-02-04 14:56:15_time2","2017-02-04 14:57:15_dev1","2017-02-04 14:57:15_bus1","2017-02-04 14:57:15_time1","2017-02-04 14:57:15_dev2","2017-02-04 14:57:15_bus2","2017-02-04 14:57:15_time2"
"1","H6_05","1002244","1002193","QUINCY_ST_NE_+_14TH_ST_NE","14TH_ST_NE_+_OTIS_ST_NE","LINESTRING(1316263.77448672 462729.1326288,1316263.77448672 462729.1326288,1316254.54478299 462631.707385509,1316245.3150099 462534.282150457,1316236.08516743 462436.856923642,1316226.85525559 462339.431705065,1316226.85525559 462339.431705065,1316220.96246434 462275.968757924,1316215.06964424 462212.505814221,1316209.17679529 462149.042873947,1316203.28391749 462085.579937121,1316203.28391749 462085.579937121,1316197.10691178 462019.749653838,1316190.92987469 461953.919374249,1316184.75280624 461888.089098418)","MULTIPOINT(-76.986357 38.937193,-76.986534 38.934894)",NA,NA,NA,NA,NA,NA,NA,NA,NA,NA,NA,NA,NA,NA,NA,NA,NA,NA,NA,NA,NA,NA,NA,NA,NA,NA,NA,NA,NA,NA,NA,NA,NA,NA,NA,NA,NA,NA,NA,NA,NA,NA,NA,NA,NA,NA,NA,NA,NA,NA,NA,NA,NA,NA,NA,NA,NA,NA,NA,NA,NA,NA,NA,NA,NA,NA,NA,NA,NA,NA,NA,NA,NA,NA,NA,NA,NA,NA,NA,NA,NA,NA,NA,NA,NA,NA,NA,NA,NA,NA,NA,NA,NA,NA,NA,NA,NA,NA,NA,NA,NA,NA,NA,NA,NA,NA,NA,NA,NA,NA,NA,NA,NA,NA,NA,NA,NA,NA,NA,NA,NA,NA,NA,NA,NA,NA,NA,NA,NA,NA,NA,NA,NA,NA,NA,NA,NA,NA,NA,NA,NA,NA,NA,NA,NA,NA,NA,NA,NA,NA,NA,NA,NA,NA,NA,NA,NA,NA,NA,NA,NA,NA,NA,NA,NA,NA,NA,NA,NA,NA,NA,NA,NA,NA,NA,NA,NA,NA,NA,NA,NA,NA,NA,NA,NA,NA,NA,NA,NA,NA,NA,NA,NA,NA,NA,NA,NA,NA,NA,NA,NA,NA,NA,NA,NA,NA,NA,NA,NA,NA,NA,NA,NA,NA,NA,NA,NA,NA,NA,NA,NA,NA,NA,NA,NA,NA,NA,NA,NA,NA,NA,NA,NA,NA,NA,NA,NA,NA,NA,NA,NA,NA,NA,NA,NA,NA,NA,NA,NA,NA,NA,NA,NA,NA,NA,NA,NA,NA,NA,NA,NA,NA,NA,NA,NA,NA,NA,NA,NA,NA,NA,NA,NA,NA,NA,NA,NA,NA,NA,NA,NA,NA,NA,NA,NA,NA,NA,NA,NA,NA,NA,NA,NA,NA,NA,NA,NA,NA,NA,NA,NA,NA,NA,NA,NA,NA,NA,NA,NA,NA,NA,NA,NA,NA,NA,NA,NA,NA,NA,NA,NA,NA,NA,NA,NA,NA,NA,NA,NA,NA,NA,NA,NA,NA,NA,NA,NA,NA,NA,NA,NA,NA,NA,NA,NA,NA,NA,NA,NA,NA,NA,NA,NA,NA,NA,NA,NA,NA,NA,NA,NA,NA,NA,NA,NA,NA,NA,NA,NA,NA,NA,NA,NA,NA,NA,NA,NA,NA,NA,NA,NA,NA,NA,NA,NA,NA,NA,NA,NA,NA,NA,NA,NA,NA,NA,NA,NA,NA,NA,NA,NA,NA,NA,NA,NA,NA,NA,NA,NA,NA,NA,NA,NA,NA,NA,NA,NA,NA,NA,NA,NA,NA,NA,NA,NA,NA,NA,NA,NA,NA,NA,NA,NA,NA,NA,NA,NA,NA,NA,NA,NA,NA,NA,NA
"2","H6_03","1002236","1002239","MICHIGAN_AVE_NE_+_QUINCY_ST_NE","QUINCY_ST_NE_+_12TH_ST_NE","LINESTRING(1314609.02685768 462697.067267312,1314618.26960229 462716.188647381,1314627.51233329 462735.310030934,1314636.75505067 462754.431417959,1314636.75505067 462754.431417959,1314641.73305097 462751.700350194,1314646.71105231 462748.969283386,1314651.68905469 462746.238217526,1314656.66705813 462743.507152623,1314656.66705813 462743.507152623,1314663.77838837 462740.776280068,1314670.88972009 462738.045409455,1314678.00105331 462735.314540789,1314685.11238804 462732.583674075,1314685.11238804 462732.583674075,1314717.82339319 462732.586657307,1314750.53439833 462732.589681763,1314783.24540346 462732.592747418,1314815.95640859 462732.595854277,1314815.95640859 462732.595854277,1314862.88967856 462731.689880668,1314909.82295182 462730.783991888,1314956.75622835 462729.878187933,1315003.68950817 462728.972468803,1315003.68950817 462728.972468803,1315154.44459628 462728.9884099)","MULTIPOINT(-76.991923 38.937134,-76.990317 38.937204)",NA,NA,NA,3,3002,2017-02-04 11:23:03,NA,NA,NA,NA,NA,NA,NA,NA,NA,NA,NA,NA,NA,NA,NA,NA,NA,NA,NA,NA,NA,NA,NA,NA,NA,NA,NA,NA,NA,NA,NA,NA,NA,NA,NA,NA,NA,NA,NA,NA,NA,NA,NA,NA,NA,NA,NA,NA,NA,NA,NA,NA,NA,NA,NA,NA,NA,NA,NA,NA,NA,NA,NA,NA,NA,NA,NA,NA,NA,NA,NA,NA,NA,NA,NA,NA,NA,NA,NA,NA,NA,NA,NA,NA,NA,NA,NA,NA,NA,NA,NA,NA,NA,NA,NA,NA,NA,NA,NA,NA,NA,NA,NA,NA,NA,NA,NA,NA,NA,NA,NA,NA,NA,NA,NA,NA,NA,NA,NA,NA,NA,NA,NA,NA,NA,NA,NA,NA,NA,NA,NA,NA,NA,NA,NA,NA,NA,NA,NA,NA,NA,NA,NA,NA,NA,NA,NA,NA,NA,NA,NA,NA,NA,NA,NA,NA,NA,NA,NA,NA,NA,NA,NA,NA,NA,NA,NA,NA,NA,NA,NA,NA,NA,NA,NA,NA,NA,NA,NA,NA,NA,NA,NA,NA,NA,NA,NA,NA,NA,NA,NA,NA,NA,NA,NA,1,3009,2017-02-04 14:01:50,NA,NA,NA,NA,NA,NA,NA,NA,NA,NA,NA,NA,NA,NA,NA,NA,NA,NA,NA,NA,NA,NA,NA,NA,NA,NA,NA,NA,NA,NA,NA,NA,NA,NA,NA,NA,NA,NA,NA,NA,NA,NA,NA,NA,NA,NA,NA,NA,NA,NA,NA,NA,NA,NA,NA,NA,NA,NA,NA,NA,NA,NA,NA,NA,NA,NA,NA,NA,NA,NA,NA,NA,NA,NA,NA,NA,NA,NA,NA,NA,NA,NA,NA,NA,NA,NA,NA,NA,NA,NA,NA,NA,NA,NA,NA,NA,NA,NA,NA,NA,NA,NA,NA,NA,NA,NA,NA,NA,NA,NA,NA,NA,NA,NA,NA,NA,NA,NA,NA,NA,NA,NA,NA,NA,NA,NA,NA,NA,NA,NA,NA,NA,NA,NA,NA,NA,NA,NA,NA,NA,NA,NA,NA,NA,NA,NA,NA,NA,NA,NA,NA,NA,NA,NA,NA,NA,NA,NA,NA,NA,NA,NA,NA,NA,NA,NA,NA,NA,NA,NA,NA,NA,NA,NA,NA,NA,NA,NA,NA,NA,NA,NA,NA,NA,NA,NA,NA,NA,NA,NA,NA,NA,1,3009,2017-02-04 14:48:33,NA,NA,NA,NA,NA,NA,NA,NA,NA,NA,NA,NA,NA,NA,NA,NA,NA,NA,NA,NA,NA,NA,NA,NA,NA,NA,NA,NA,NA,NA,NA,NA,NA,NA,NA,NA,NA,NA,NA,NA,NA,NA,NA,NA,NA
"3","H6_14","1001899","1001897","FRANKLIN_ST_NE_+_20TH_ST_NE","FRANKLIN_ST_NE_+_22ND_ST_NE","LINESTRING(1319050.2882314 458475.837236998,1319100.78523348 458475.850346438,1319100.78523348 458475.850346438,1319213.15860244 458476.790373144,1319325.53196339 458477.730886089,1319437.90531634 458478.671885259,1319550.27866127 458479.613370671,1319550.27866127 458479.613370671,1319582.99502406 458479.62248277,1319615.71138684 458479.631636083)","MULTIPOINT(-76.976394 38.925539,-76.974384 38.925539)",NA,NA,NA,NA,NA,NA,NA,NA,NA,NA,NA,NA,NA,NA,NA,NA,NA,NA,NA,NA,NA,NA,NA,NA,NA,NA,NA,NA,NA,NA,NA,NA,NA,NA,NA,NA,NA,NA,NA,NA,NA,NA,NA,NA,NA,NA,NA,NA,NA,NA,NA,NA,NA,NA,NA,NA,NA,NA,NA,NA,NA,NA,NA,NA,NA,NA,NA,NA,NA,NA,NA,NA,NA,NA,NA,NA,NA,NA,NA,NA,NA,NA,NA,NA,NA,NA,NA,NA,NA,NA,NA,NA,NA,NA,NA,NA,NA,NA,NA,NA,NA,NA,4,3002,2017-02-04 12:23:41,NA,NA,NA,NA,NA,NA,NA,NA,NA,NA,NA,NA,NA,NA,NA,NA,NA,NA,NA,NA,NA,NA,NA,NA,NA,NA,NA,NA,NA,NA,NA,NA,NA,NA,NA,NA,NA,NA,NA,NA,NA,NA,NA,NA,NA,NA,NA,NA,NA,NA,NA,NA,NA,NA,NA,NA,NA,NA,NA,NA,NA,NA,NA,NA,NA,NA,NA,NA,NA,NA,NA,NA,NA,NA,NA,NA,NA,NA,NA,NA,NA,NA,NA,NA,NA,NA,NA,NA,NA,NA,NA,NA,NA,NA,NA,NA,NA,NA,NA,NA,NA,NA,NA,NA,NA,NA,NA,NA,NA,NA,NA,NA,NA,NA,NA,NA,NA,NA,NA,NA,NA,NA,NA,NA,NA,NA,NA,NA,NA,NA,NA,NA,NA,NA,NA,NA,NA,NA,NA,NA,NA,NA,NA,NA,NA,NA,NA,NA,NA,NA,NA,NA,NA,NA,NA,NA,NA,NA,NA,NA,NA,NA,NA,NA,NA,NA,NA,NA,NA,NA,NA,NA,NA,NA,NA,NA,NA,NA,NA,NA,NA,NA,NA,NA,NA,NA,NA,NA,NA,NA,NA,NA,NA,NA,NA,NA,NA,NA,NA,NA,NA,NA,NA,NA,NA,NA,NA,NA,NA,NA,NA,NA,NA,NA,NA,NA,NA,NA,NA,NA,NA,NA,NA,NA,NA,NA,NA,NA,NA,NA,NA,NA,NA,NA,NA,NA,NA,NA,NA,NA,NA,NA,NA,NA,NA,NA,NA,NA,NA,NA,NA,NA,NA,NA,NA,NA,NA,NA,NA,NA,NA,NA,NA,NA,NA,NA,NA,NA,NA,NA,NA,NA,NA,NA,NA,NA,NA,NA,NA,NA,NA,NA,NA,NA,NA,NA,NA,NA,NA,NA,NA,NA,NA,NA,NA,NA,NA,NA,NA,NA,NA,NA,NA,NA,NA,NA,NA,NA,NA,NA,NA,NA,NA,NA,NA,NA,NA,NA,NA,NA,NA,NA,NA,NA,NA,NA,NA,NA,NA,NA,NA,NA,NA,NA,NA,NA,NA,NA,NA
"4","H6_12","1001902","1001900","FRANKLIN_ST_NE_+_RHODE_ISLAND_AVE_NE","FRANKLIN_ST_NE_+_18TH_ST_NE","LINESTRING(1317274.35705358 458482.72264832,1317274.35705358 458482.72264832,1317359.70425292 458481.828524924,1317445.0514582 458480.93468201,1317530.39866941 458480.041119562,1317615.74588655 458479.147837596,1317615.74588655 458479.147837596,1317664.10901943 458480.068220931,1317712.4721489 458480.988694319,1317760.83527496 458481.909257772,1317809.19839761 458482.829911288,1317809.19839761 458482.829911288,1317880.17882713 458482.116573342,1317951.15926058 458481.403429389,1318022.13969798 458480.690479447,1318093.12013932 458479.977723497,1318093.12013932 458479.977723497,1318109.62060604 458479.79928795,1318126.12107299 458479.620862913,1318142.62154017 458479.442448344,1318159.12200758 458479.264044258,1318159.12200758 458479.264044258,1318196.81694782 458479.272527418,1318234.51188805 458479.281065275)","MULTIPOINT(-76.982517 38.925536,-76.979198 38.925533)",NA,NA,NA,NA,NA,NA,NA,NA,NA,NA,NA,NA,NA,NA,NA,NA,NA,NA,NA,NA,NA,NA,NA,NA,3,3002,2017-02-04 11:29:35,NA,NA,NA,NA,NA,NA,NA,NA,NA,NA,NA,NA,NA,NA,NA,NA,NA,NA,NA,NA,NA,NA,NA,NA,NA,NA,NA,NA,NA,NA,NA,NA,NA,NA,NA,NA,NA,NA,NA,NA,NA,NA,NA,NA,NA,NA,NA,NA,NA,NA,NA,NA,NA,NA,NA,NA,NA,NA,NA,NA,NA,NA,NA,NA,NA,NA,NA,NA,NA,NA,NA,NA,NA,NA,NA,NA,NA,NA,NA,NA,NA,NA,NA,NA,NA,NA,NA,NA,NA,NA,NA,NA,NA,NA,NA,NA,NA,NA,NA,NA,NA,NA,NA,NA,NA,NA,NA,NA,NA,NA,NA,NA,NA,NA,NA,NA,NA,NA,NA,NA,NA,NA,NA,NA,NA,NA,NA,NA,NA,NA,NA,NA,NA,NA,NA,4,3002,2017-02-04 13:14:14,NA,NA,NA,NA,NA,NA,NA,NA,NA,NA,NA,NA,NA,NA,NA,NA,NA,NA,NA,NA,NA,NA,NA,NA,NA,NA,NA,NA,NA,NA,NA,NA,NA,NA,NA,NA,NA,NA,NA,NA,NA,NA,NA,NA,NA,NA,NA,NA,NA,NA,NA,NA,NA,NA,NA,NA,NA,NA,NA,NA,NA,NA,NA,NA,NA,NA,NA,NA,NA,NA,NA,NA,NA,NA,NA,NA,NA,NA,NA,NA,NA,NA,NA,NA,NA,NA,NA,NA,NA,NA,NA,NA,NA,NA,NA,NA,NA,NA,NA,NA,NA,NA,NA,NA,NA,NA,NA,NA,NA,NA,NA,NA,NA,NA,NA,NA,NA,NA,NA,NA,NA,NA,NA,NA,NA,NA,NA,NA,NA,NA,NA,NA,NA,NA,NA,NA,NA,NA,NA,NA,NA,NA,NA,NA,NA,NA,NA,NA,NA,NA,NA,NA,NA,NA,NA,NA,NA,NA,NA,NA,NA,NA,NA,NA,NA,NA,NA,NA,NA,NA,NA,NA,NA,NA,NA,NA,NA,NA,NA,NA,NA,NA,NA,NA,NA,NA,NA,NA,NA,NA,NA,NA,NA,NA,NA,NA,NA,NA,NA,NA,NA,NA,NA,NA,NA,NA,NA,NA,NA,NA,NA,NA,NA,NA,NA,NA,NA,NA,NA,NA,NA,NA,NA,NA,NA,NA,NA,NA,NA,NA,NA,NA,NA,NA,NA,NA,NA,NA,NA,NA,NA,NA,NA,NA,NA,NA,NA,NA,NA,NA,NA,NA,NA,NA,NA,NA,NA,NA,NA,NA,NA,NA,NA,NA,NA,NA,NA,NA,NA,NA,NA,NA,NA,NA,NA,NA,NA,NA,NA
"5","H6_02","1002218","1002236","BUNKER_HILL_RD_NE_+_MICHIGAN_AVE_NE","MICHIGAN_AVE_NE_+_QUINCY_ST_NE","LINESTRING(1314467.55215632 462257.282233804,1314481.06008212 462298.255984897,1314494.56796528 462339.229743893,1314494.56796528 462339.229743893,1314507.36468734 462380.203451239,1314520.161369 462421.177165769,1314532.95801027 462462.150887482,1314545.75461115 462503.124616378,1314545.75461115 462503.124616378,1314547.60295913 462509.589346377,1314549.45130619 462516.05407653,1314551.29965233 462522.518806826,1314553.14799754 462528.983537276,1314553.14799754 462528.983537276,1314554.85413458 462535.266155092,1314556.56027079 462541.548773029,1314558.26640618 462547.831391096,1314559.97254074 462554.114009303,1314559.97254074 462554.114009303,1314567.08164124 462577.787702817,1314574.19072876 462601.461398567,1314581.29980333 462625.135096552,1314588.40886493 462648.80879679,1314588.40886493 462648.80879679,1314591.25267595 462656.09306976,1314594.09648538 462663.377343078,1314596.94029321 462670.661616732,1314599.78409945 462677.945890719,1314599.78409945 462677.945890719,1314609.02685768 462697.067267312)","MULTIPOINT(-76.992388 38.935971,-76.991923 38.937134)",NA,NA,NA,NA,NA,NA,NA,NA,NA,NA,NA,NA,NA,NA,NA,NA,NA,NA,NA,NA,NA,NA,NA,NA,NA,NA,NA,NA,NA,NA,NA,NA,NA,NA,NA,NA,NA,NA,NA,NA,NA,NA,NA,NA,NA,NA,NA,NA,NA,NA,NA,NA,NA,NA,NA,NA,NA,NA,NA,NA,5,3002,2017-02-04 12:16:32,NA,NA,NA,NA,NA,NA,NA,NA,NA,NA,NA,NA,NA,NA,NA,NA,NA,NA,NA,NA,NA,NA,NA,NA,NA,NA,NA,NA,NA,NA,NA,NA,NA,NA,NA,NA,NA,NA,NA,NA,NA,NA,NA,NA,NA,NA,NA,NA,NA,NA,NA,NA,NA,NA,NA,NA,NA,NA,NA,NA,NA,NA,NA,NA,NA,NA,NA,NA,NA,NA,NA,NA,NA,NA,NA,NA,NA,NA,NA,NA,NA,NA,NA,NA,NA,NA,NA,NA,NA,NA,NA,NA,NA,NA,NA,NA,NA,NA,NA,NA,NA,NA,NA,NA,NA,NA,NA,NA,NA,NA,NA,NA,NA,NA,NA,NA,NA,NA,NA,NA,NA,NA,NA,NA,NA,NA,NA,NA,NA,NA,NA,NA,NA,NA,NA,NA,NA,NA,NA,NA,NA,NA,NA,NA,NA,NA,NA,NA,NA,NA,NA,NA,NA,NA,NA,NA,NA,NA,NA,NA,NA,NA,NA,NA,NA,NA,NA,NA,NA,NA,NA,NA,NA,NA,NA,NA,NA,NA,NA,NA,NA,NA,NA,NA,NA,NA,NA,NA,NA,NA,NA,NA,NA,NA,NA,NA,NA,NA,NA,NA,NA,NA,NA,NA,NA,NA,NA,NA,NA,NA,NA,NA,NA,NA,NA,NA,3,3023,2017-02-04 14:24:31,NA,NA,NA,NA,NA,NA,NA,NA,NA,NA,NA,NA,NA,NA,NA,NA,NA,NA,NA,NA,NA,NA,NA,NA,NA,NA,NA,NA,NA,NA,NA,NA,NA,NA,NA,NA,NA,NA,NA,NA,NA,NA,NA,NA,NA,NA,NA,NA,NA,NA,NA,NA,NA,NA,NA,NA,NA,NA,NA,NA,NA,NA,NA,NA,NA,NA,NA,NA,NA,NA,NA,NA,NA,NA,NA,NA,NA,NA,NA,NA,NA,NA,NA,NA,NA,NA,NA,NA,NA,NA,NA,NA,NA,NA,NA,NA,NA,NA,NA,NA,NA,NA,NA,NA,NA,NA,NA,NA,NA,NA,NA,NA,NA,NA,NA,NA,NA,NA,NA,NA,NA,NA,NA,NA,NA,NA,NA,NA,NA,NA,NA,NA,NA,NA,NA,NA,NA,NA,NA,NA,NA,NA,NA,NA,NA,NA,NA,NA,NA,NA,NA,NA,NA,NA,NA,NA,NA,NA,NA,NA,NA,NA
"6","H6_16","1001896","1001894","FRANKLIN_ST_NE_+_24TH_ST_NE","FRANKLIN_ST_NE_+_26TH_ST_NE","LINESTRING(1320250.12322203 458483.459283979,1320250.12322203 458483.459283979,1320325.51309031 458483.482374928,1320400.90295853 458483.505684732,1320476.29282667 458483.529213382,1320551.68269475 458483.552960878,1320551.68269475 458483.552960878,1320572.45046972 458483.559541088,1320593.21824468 458483.566137905,1320613.98601964 458483.572751327,1320634.7537946 458483.579381361,1320634.7537946 458483.579381361,1320682.97486107 458483.594839797,1320731.19592752 458483.61038777,1320779.41699394 458483.626025274)","MULTIPOINT(-76.972335 38.925539,-76.970363 38.925542)",NA,NA,NA,NA,NA,NA,NA,NA,NA,NA,NA,NA,NA,NA,NA,NA,NA,NA,NA,NA,NA,NA,NA,NA,NA,NA,NA,NA,NA,NA,NA,NA,NA,NA,NA,NA,NA,NA,NA,NA,NA,NA,NA,NA,NA,NA,NA,NA,NA,NA,NA,NA,NA,NA,NA,NA,NA,NA,NA,NA,NA,NA,NA,NA,NA,NA,NA,NA,NA,NA,NA,NA,NA,NA,NA,NA,NA,NA,NA,NA,NA,NA,NA,NA,NA,NA,NA,NA,NA,NA,NA,NA,NA,NA,NA,NA,NA,NA,NA,NA,NA,NA,NA,NA,NA,NA,NA,NA,NA,NA,NA,NA,NA,NA,NA,NA,NA,NA,NA,NA,NA,NA,NA,NA,NA,NA,NA,NA,NA,NA,NA,NA,NA,NA,NA,NA,NA,NA,NA,NA,NA,NA,NA,NA,NA,NA,NA,NA,NA,NA,NA,NA,NA,NA,NA,NA,NA,NA,NA,NA,NA,NA,NA,NA,NA,NA,NA,NA,NA,NA,NA,NA,NA,NA,NA,NA,NA,NA,NA,NA,4,3002,2017-02-04 13:17:06,NA,NA,NA,NA,NA,NA,NA,NA,NA,NA,NA,NA,NA,NA,NA,NA,NA,NA,NA,NA,NA,NA,NA,NA,NA,NA,NA,NA,NA,NA,NA,NA,NA,NA,NA,NA,NA,NA,NA,NA,NA,NA,NA,NA,NA,NA,NA,NA,NA,NA,NA,NA,NA,NA,NA,NA,NA,NA,NA,NA,NA,NA,NA,NA,NA,NA,NA,NA,NA,NA,NA,NA,NA,NA,NA,NA,NA,NA,NA,NA,NA,NA,NA,NA,NA,NA,NA,NA,NA,NA,NA,NA,NA,NA,NA,NA,NA,NA,NA,NA,NA,NA,NA,NA,NA,NA,NA,NA,NA,NA,NA,NA,NA,NA,NA,NA,NA,NA,NA,NA,NA,NA,NA,NA,NA,NA,NA,NA,NA,NA,NA,NA,NA,NA,NA,NA,NA,NA,NA,NA,NA,NA,NA,NA,NA,NA,NA,NA,NA,NA,NA,NA,NA,NA,NA,NA,NA,NA,NA,NA,NA,NA,NA,NA,NA,NA,NA,NA,NA,NA,NA,NA,NA,NA,NA,NA,NA,NA,NA,NA,NA,NA,NA,NA,NA,NA,4,3023,2017-02-04 14:35:28,NA,NA,NA,NA,NA,NA,NA,NA,NA,NA,NA,NA,NA,NA,NA,NA,NA,NA,NA,NA,NA,NA,NA,NA,NA,NA,NA,NA,NA,NA,NA,NA,NA,NA,NA,NA,NA,NA,NA,NA,NA,NA,NA,NA,NA,NA,NA,NA,NA,NA,NA,NA,NA,NA,NA,NA,NA,NA,NA,NA,NA,NA,NA,NA,NA,NA,NA,NA,NA,NA,NA,NA
"7","H6_04","1002239","1002244","QUINCY_ST_NE_+_12TH_ST_NE","QUINCY_ST_NE_+_14TH_ST_NE","LINESTRING(1315154.44459628 462728.9884099,1315305.1996843 462729.005226247,1315455.95477222 462729.022917844,1315606.70986004 462729.041484687,1315606.70986004 462729.041484687,1315770.97601693 462729.062711971,1315935.24217367 462729.084978417,1316099.50833027 462729.108284026,1316263.77448672 462729.1326288)","MULTIPOINT(-76.990317 38.937204,-76.986357 38.937193)",NA,NA,NA,NA,NA,NA,3,3002,2017-02-04 11:23:58,NA,NA,NA,NA,NA,NA,NA,NA,NA,NA,NA,NA,NA,NA,NA,NA,NA,NA,NA,NA,NA,NA,NA,NA,NA,NA,NA,NA,NA,NA,NA,NA,NA,NA,NA,NA,NA,NA,NA,NA,NA,NA,NA,NA,NA,NA,NA,NA,NA,NA,NA,NA,NA,NA,NA,NA,NA,5,3002,2017-02-04 12:17:52,NA,NA,NA,NA,NA,NA,NA,NA,NA,NA,NA,NA,NA,NA,NA,NA,NA,NA,NA,NA,NA,NA,NA,NA,NA,NA,NA,NA,NA,NA,NA,NA,NA,NA,NA,NA,NA,NA,NA,NA,NA,NA,NA,NA,NA,NA,NA,NA,NA,NA,NA,NA,NA,NA,NA,NA,NA,4,3002,2017-02-04 13:08:22,NA,NA,NA,NA,NA,NA,NA,NA,NA,NA,NA,NA,NA,NA,NA,NA,NA,NA,NA,NA,NA,NA,NA,NA,NA,NA,NA,NA,NA,NA,NA,NA,NA,NA,NA,NA,NA,NA,NA,NA,NA,NA,NA,NA,NA,NA,NA,NA,NA,NA,NA,NA,NA,NA,NA,NA,NA,NA,NA,NA,NA,NA,NA,NA,NA,NA,NA,NA,NA,NA,NA,NA,NA,NA,NA,0,3009,2017-02-04 14:02:21,NA,NA,NA,NA,NA,NA,NA,NA,NA,NA,NA,NA,NA,NA,NA,NA,NA,NA,NA,NA,NA,NA,NA,NA,NA,NA,NA,NA,NA,NA,NA,NA,NA,NA,NA,NA,NA,NA,NA,NA,NA,NA,NA,NA,NA,NA,NA,NA,NA,NA,NA,NA,NA,NA,NA,NA,NA,NA,NA,NA,NA,NA,NA,NA,NA,NA,NA,NA,NA,NA,NA,NA,NA,NA,NA,NA,NA,NA,3,3023,2017-02-04 14:25:37,NA,NA,NA,NA,NA,NA,3,3023,2017-02-04 14:26:08,NA,NA,NA,NA,NA,NA,NA,NA,NA,NA,NA,NA,NA,NA,NA,NA,NA,NA,NA,NA,NA,NA,NA,NA,NA,NA,NA,NA,NA,NA,NA,NA,NA,NA,NA,NA,NA,NA,NA,NA,NA,NA,NA,NA,NA,NA,NA,NA,NA,NA,NA,NA,NA,NA,NA,NA,NA,NA,NA,NA,NA,NA,NA,NA,NA,NA,NA,NA,NA,NA,NA,NA,NA,NA,NA,NA,NA,NA,NA,NA,NA,NA,NA,NA,NA,NA,NA,NA,NA,NA,NA,NA,NA,NA,NA,NA,NA,NA,NA,NA,NA,NA,NA,NA,NA,1,3009,2017-02-04 14:50:00,NA,NA,NA,NA,NA,NA,NA,NA,NA,NA,NA,NA,NA,NA,NA,NA,NA,NA,NA,NA,NA,NA,NA,NA,NA,NA,NA,NA,NA,NA,NA,NA,NA,NA,NA,NA,NA,NA,NA
"8","H6_07","1002143","1002069","14TH_ST_NE_+_MONROE_ST_NE","14TH_ST_NE_+_KEARNEY_ST_NE","LINESTRING(1316204.98132207 461194.015890796,1316209.97269925 461104.787388062,1316209.97269925 461104.787388062,1316215.67540259 461014.648494285,1316221.37814543 460924.509605973,1316227.08092777 460834.370723134,1316232.7837496 460744.23184576,1316232.7837496 460744.23184576,1316238.48661092 460654.09297384,1316244.18951174 460563.954107389,1316249.89245206 460473.815246407)","MULTIPOINT(-76.986445 38.93291,-76.986286 38.930953)",NA,NA,NA,NA,NA,NA,NA,NA,NA,NA,NA,NA,3,3002,2017-02-04 11:25:45,NA,NA,NA,NA,NA,NA,NA,NA,NA,NA,NA,NA,NA,NA,NA,NA,NA,NA,NA,NA,NA,NA,NA,NA,NA,NA,NA,NA,NA,NA,NA,NA,NA,NA,NA,NA,NA,NA,NA,NA,NA,NA,NA,NA,NA,NA,NA,NA,NA,NA,NA,NA,NA,NA,NA,NA,NA,NA,NA,NA,NA,NA,NA,NA,NA,NA,NA,NA,NA,NA,NA,NA,NA,NA,NA,NA,NA,NA,NA,NA,NA,NA,NA,NA,NA,NA,NA,NA,NA,NA,NA,NA,NA,NA,NA,NA,NA,NA,NA,NA,NA,NA,NA,NA,NA,NA,NA,NA,NA,NA,NA,NA,NA,NA,NA,NA,NA,NA,NA,NA,NA,NA,NA,NA,NA,NA,NA,NA,NA,NA,NA,NA,NA,NA,NA,NA,NA,NA,NA,NA,NA,NA,NA,NA,NA,NA,NA,NA,NA,NA,NA,NA,NA,NA,NA,NA,NA,NA,NA,NA,NA,NA,NA,NA,NA,NA,NA,NA,NA,NA,NA,NA,NA,NA,NA,NA,NA,NA,NA,NA,NA,NA,NA,NA,NA,NA,NA,NA,NA,NA,NA,NA,NA,NA,NA,3,3009,2017-02-04 14:04:31,NA,NA,NA,NA,NA,NA,NA,NA,NA,NA,NA,NA,NA,NA,NA,NA,NA,NA,NA,NA,NA,NA,NA,NA,NA,NA,NA,NA,NA,NA,NA,NA,NA,NA,NA,NA,NA,NA,NA,NA,NA,NA,NA,NA,NA,NA,NA,NA,NA,NA,NA,NA,NA,NA,NA,NA,NA,NA,NA,NA,NA,NA,NA,NA,NA,NA,NA,NA,NA,NA,NA,NA,NA,NA,NA,NA,NA,NA,NA,NA,NA,NA,NA,NA,NA,NA,NA,NA,NA,NA,NA,NA,NA,3,3023,2017-02-04 14:28:10,NA,NA,NA,NA,NA,NA,NA,NA,NA,NA,NA,NA,NA,NA,NA,NA,NA,NA,NA,NA,NA,NA,NA,NA,NA,NA,NA,NA,NA,NA,NA,NA,NA,NA,NA,NA,NA,NA,NA,NA,NA,NA,NA,NA,NA,NA,NA,NA,NA,NA,NA,NA,NA,NA,NA,NA,NA,NA,NA,NA,NA,NA,NA,NA,NA,NA,NA,NA,NA,NA,NA,NA,NA,NA,NA,NA,NA,NA,NA,NA,NA,NA,NA,NA,NA,NA,NA,NA,NA,NA,NA,NA,NA,NA,NA,NA,NA,NA,NA,NA,NA,NA,NA,NA,NA,NA,NA,NA,NA,NA,NA,NA,NA,NA,NA,NA,NA,NA,NA,NA,NA,NA,NA,NA,NA,NA,NA,NA,NA,NA,NA,NA,NA,NA,NA
"9","H6_08","1002069","1002016","14TH_ST_NE_+_KEARNEY_ST_NE","14TH_ST_NE_+_IRVING_ST_NE","LINESTRING(1316249.89245206 460473.815246407,1316255.59543188 460383.676390885,1316255.59543188 460383.676390885,1316258.16179256 460343.068382566,1316260.72816125 460302.460375353,1316263.29453794 460261.85236926,1316265.86092265 460221.244364259,1316265.86092265 460221.244364259,1316268.99761061 460171.713526557,1316272.1343105 460122.1826905,1316275.27102233 460072.651856093,1316278.40774609 460023.121023326,1316278.40774609 460023.121023326,1316284.11092339 459932.982195068,1316289.81414017 459842.843372252,1316295.51739646 459752.704554895)","MULTIPOINT(-76.986286 38.930953,-76.986124 38.928959)",NA,NA,NA,NA,NA,NA,NA,NA,NA,NA,NA,NA,NA,NA,NA,NA,NA,NA,NA,NA,NA,NA,NA,NA,NA,NA,NA,NA,NA,NA,NA,NA,NA,NA,NA,NA,NA,NA,NA,NA,NA,NA,NA,NA,NA,NA,NA,NA,NA,NA,NA,NA,NA,NA,NA,NA,NA,NA,NA,NA,NA,NA,NA,NA,NA,NA,NA,NA,NA,NA,NA,NA,NA,NA,NA,NA,NA,NA,4,3002,2017-02-04 12:19:36,NA,NA,NA,NA,NA,NA,NA,NA,NA,NA,NA,NA,NA,NA,NA,NA,NA,NA,NA,NA,NA,NA,NA,NA,NA,NA,NA,NA,NA,NA,NA,NA,NA,NA,NA,NA,NA,NA,NA,NA,NA,NA,NA,NA,NA,NA,NA,NA,NA,NA,NA,NA,NA,NA,NA,NA,NA,3,3002,2017-02-04 13:10:33,NA,NA,NA,NA,NA,NA,NA,NA,NA,NA,NA,NA,NA,NA,NA,NA,NA,NA,NA,NA,NA,NA,NA,NA,NA,NA,NA,NA,NA,NA,NA,NA,NA,NA,NA,NA,NA,NA,NA,NA,NA,NA,NA,NA,NA,NA,NA,NA,NA,NA,NA,NA,NA,NA,NA,NA,NA,NA,NA,NA,NA,NA,NA,NA,NA,NA,NA,NA,NA,NA,NA,NA,NA,NA,NA,6,3009,2017-02-04 14:05:32,NA,NA,NA,NA,NA,NA,NA,NA,NA,NA,NA,NA,NA,NA,NA,NA,NA,NA,NA,NA,NA,NA,NA,NA,NA,NA,NA,NA,NA,NA,NA,NA,NA,NA,NA,NA,NA,NA,NA,NA,NA,NA,NA,NA,NA,NA,NA,NA,NA,NA,NA,NA,NA,NA,NA,NA,NA,NA,NA,NA,NA,NA,NA,NA,NA,NA,NA,NA,NA,NA,NA,NA,NA,NA,NA,NA,NA,NA,NA,NA,NA,NA,NA,NA,NA,NA,NA,NA,NA,NA,NA,NA,NA,NA,NA,NA,NA,NA,NA,NA,NA,NA,NA,NA,NA,NA,NA,NA,NA,NA,NA,NA,NA,NA,NA,NA,NA,NA,NA,NA,NA,NA,NA,NA,NA,NA,NA,NA,NA,NA,NA,NA,NA,NA,NA,NA,NA,NA,NA,NA,NA,NA,NA,NA,NA,NA,NA,NA,NA,NA,NA,NA,NA,NA,NA,NA,NA,NA,NA,NA,NA,NA,NA,NA,NA,NA,NA,NA,NA,NA,NA,NA,NA,NA,NA,NA,NA,NA,NA,NA,NA,NA,NA,NA,NA,NA,NA,NA,NA,NA,NA,NA,NA,NA,NA,1,3009,2017-02-04 14:52:04,NA,NA,NA,NA,NA,NA,NA,NA,NA,NA,NA,NA,NA,NA,NA,NA,NA,NA,NA,NA,NA,NA,NA,NA,NA,NA,NA
"10","H6_06","1002193","1002143","14TH_ST_NE_+_OTIS_ST_NE","14TH_ST_NE_+_MONROE_ST_NE","LINESTRING(1316184.75280624 461888.089098418,1316178.57570642 461822.258826296,1316178.57570642 461822.258826296,1316177.1578866 461792.212022795,1316175.74006348 461762.165219847,1316174.32223708 461732.118417439,1316172.90440738 461702.071615601,1316172.90440738 461702.071615601,1316177.18012486 461641.979065228,1316181.45586209 461581.886517433,1316185.73161906 461521.793972227,1316190.00739579 461461.701429608,1316190.00739579 461461.701429608,1316194.99867034 461372.472911578,1316199.9899791 461283.24439865,1316204.98132207 461194.015890796)","MULTIPOINT(-76.986534 38.934894,-76.986445 38.93291)",NA,NA,NA,NA,NA,NA,NA,NA,NA,2,3002,2017-02-04 11:24:54,NA,NA,NA,NA,NA,NA,NA,NA,NA,NA,NA,NA,NA,NA,NA,NA,NA,NA,NA,NA,NA,NA,NA,NA,NA,NA,NA,NA,NA,NA,NA,NA,NA,NA,NA,NA,NA,NA,NA,NA,NA,NA,NA,NA,NA,NA,NA,NA,NA,NA,NA,NA,NA,NA,NA,NA,NA,NA,NA,NA,4,3002,2017-02-04 12:18:41,NA,NA,NA,NA,NA,NA,NA,NA,NA,NA,NA,NA,NA,NA,NA,NA,NA,NA,NA,NA,NA,NA,NA,NA,NA,NA,NA,NA,NA,NA,NA,NA,NA,NA,NA,NA,NA,NA,NA,NA,NA,NA,NA,NA,NA,NA,NA,NA,NA,NA,NA,NA,NA,NA,NA,NA,NA,3,3002,2017-02-04 13:09:31,NA,NA,NA,NA,NA,NA,NA,NA,NA,NA,NA,NA,NA,NA,NA,NA,NA,NA,NA,NA,NA,NA,NA,NA,NA,NA,NA,NA,NA,NA,NA,NA,NA,NA,NA,NA,NA,NA,NA,NA,NA,NA,NA,NA,NA,NA,NA,NA,NA,NA,NA,NA,NA,NA,NA,NA,NA,NA,NA,NA,NA,NA,NA,NA,NA,NA,NA,NA,NA,NA,NA,NA,NA,NA,NA,NA,NA,NA,NA,NA,NA,NA,NA,NA,NA,NA,NA,NA,NA,NA,NA,NA,NA,NA,NA,NA,NA,NA,NA,NA,NA,NA,NA,NA,NA,NA,NA,NA,NA,NA,NA,NA,NA,NA,NA,NA,NA,NA,NA,NA,NA,NA,NA,NA,NA,NA,NA,NA,NA,NA,NA,NA,NA,NA,NA,NA,NA,NA,NA,NA,NA,NA,NA,NA,NA,NA,NA,NA,NA,NA,NA,NA,NA,NA,NA,NA,NA,NA,NA,NA,NA,NA,NA,NA,NA,3,3023,2017-02-04 14:27:16,NA,NA,NA,NA,NA,NA,NA,NA,NA,NA,NA,NA,NA,NA,NA,NA,NA,NA,NA,NA,NA,NA,NA,NA,NA,NA,NA,NA,NA,NA,NA,NA,NA,NA,NA,NA,NA,NA,NA,NA,NA,NA,NA,NA,NA,NA,NA,NA,NA,NA,NA,NA,NA,NA,NA,NA,NA,NA,NA,NA,NA,NA,NA,NA,NA,NA,NA,NA,NA,NA,NA,NA,NA,NA,NA,NA,NA,NA,NA,NA,NA,NA,NA,NA,NA,NA,NA,NA,NA,NA,NA,NA,NA,NA,NA,NA,NA,NA,NA,NA,NA,NA,NA,NA,NA,1,3009,2017-02-04 14:51:02,NA,NA,NA,NA,NA,NA,NA,NA,NA,NA,NA,NA,NA,NA,NA,NA,NA,NA,NA,NA,NA,NA,NA,NA,NA,NA,NA,NA,NA,NA,NA,NA,NA
"11","H6_09","1002016","1001954","14TH_ST_NE_+_IRVING_ST_NE","14TH_ST_NE_+_GIRARD_ST_NE","LINESTRING(1316295.51739646 459752.704554895,1316301.22069224 459662.565742989,1316301.22069224 459662.565742989,1316306.9238882 459573.337438276,1316312.62712326 459484.109138915,1316318.33039741 459394.880844926,1316324.03371066 459305.652556295,1316324.03371066 459305.652556295,1316329.73832403 459208.229758683,1316335.44298008 459110.806967204,1316341.14767882 459013.384181877,1316346.85242025 458915.961402679)","MULTIPOINT(-76.986124 38.928959,-76.985967 38.926887)",NA,NA,NA,NA,NA,NA,NA,NA,NA,NA,NA,NA,NA,NA,NA,3,3002,2017-02-04 11:26:53,NA,NA,NA,NA,NA,NA,NA,NA,NA,NA,NA,NA,NA,NA,NA,NA,NA,NA,NA,NA,NA,NA,NA,NA,NA,NA,NA,NA,NA,NA,NA,NA,NA,NA,NA,NA,NA,NA,NA,NA,NA,NA,NA,NA,NA,NA,NA,NA,NA,NA,NA,NA,NA,NA,NA,NA,NA,NA,NA,NA,NA,NA,NA,NA,NA,NA,NA,NA,NA,NA,NA,NA,NA,NA,NA,NA,NA,NA,NA,NA,NA,NA,NA,NA,NA,NA,NA,NA,NA,NA,NA,NA,NA,NA,NA,NA,NA,NA,NA,NA,NA,NA,NA,NA,NA,NA,NA,NA,NA,NA,NA,NA,NA,NA,NA,NA,NA,NA,NA,NA,NA,NA,NA,NA,NA,NA,3,3002,2017-02-04 13:11:33,NA,NA,NA,NA,NA,NA,NA,NA,NA,NA,NA,NA,NA,NA,NA,NA,NA,NA,NA,NA,NA,NA,NA,NA,NA,NA,NA,NA,NA,NA,NA,NA,NA,NA,NA,NA,NA,NA,NA,NA,NA,NA,NA,NA,NA,NA,NA,NA,NA,NA,NA,NA,NA,NA,NA,NA,NA,NA,NA,NA,NA,NA,NA,NA,NA,NA,NA,NA,NA,NA,NA,NA,NA,NA,NA,6,3009,2017-02-04 14:06:39,NA,NA,NA,NA,NA,NA,NA,NA,NA,NA,NA,NA,NA,NA,NA,NA,NA,NA,NA,NA,NA,NA,NA,NA,NA,NA,NA,NA,NA,NA,NA,NA,NA,NA,NA,NA,NA,NA,NA,NA,NA,NA,NA,NA,NA,NA,NA,NA,NA,NA,NA,NA,NA,NA,NA,NA,NA,NA,NA,NA,NA,NA,NA,NA,NA,NA,NA,NA,NA,NA,NA,NA,NA,NA,NA,NA,NA,NA,NA,NA,NA,NA,NA,NA,NA,NA,NA,NA,NA,NA,NA,NA,NA,NA,NA,NA,NA,NA,NA,NA,NA,NA,NA,NA,NA,NA,NA,NA,NA,NA,NA,NA,NA,NA,NA,NA,NA,NA,NA,NA,NA,NA,NA,NA,NA,NA,NA,NA,NA,NA,NA,NA,NA,NA,NA,NA,NA,NA,NA,NA,NA,NA,NA,NA,NA,NA,NA,NA,NA,NA,NA,NA,NA,NA,NA,NA,NA,NA,NA,NA,NA,NA,NA,NA,NA,NA,NA,NA,NA,NA,NA,NA,NA,NA,NA,NA,NA,NA,NA,NA,NA,NA,NA,NA,NA,NA,NA,NA,NA,NA,NA,NA,NA,NA,NA,1,3009,2017-02-04 14:52:42,NA,NA,NA,NA,NA,NA,NA,NA,NA,NA,NA,NA,NA,NA,NA,NA,NA,NA,NA,NA,NA
"12","H6_10","1001954","1001917","14TH_ST_NE_+_GIRARD_ST_NE","FRANKLIN_ST_NE_+_15TH_ST_NE","LINESTRING(1316346.85242025 458915.961402679,1316346.85242025 458915.961402679,1316353.26842036 458818.538739692,1316359.6844685 458721.116083169,1316366.10056466 458623.693433109,1316372.51670884 458526.270789512,1316372.51670884 458526.270789512,1316457.15149741 458531.747098334,1316541.78625032 458537.223682987,1316626.42096758 458542.700543456,1316711.05564919 458548.177679787,1316711.05564919 458548.177679787,1316763.68555953 458551.828609866,1316816.31545508 458555.479646603,1316868.94533584 458559.130790027)","MULTIPOINT(-76.985967 38.926887,-76.984003 38.925749)",NA,NA,NA,NA,NA,NA,NA,NA,NA,NA,NA,NA,NA,NA,NA,NA,NA,NA,3,3002,2017-02-04 11:27:47,3,3002,2017-02-04 11:28:47,NA,NA,NA,NA,NA,NA,NA,NA,NA,NA,NA,NA,NA,NA,NA,NA,NA,NA,NA,NA,NA,NA,NA,NA,NA,NA,NA,NA,NA,NA,NA,NA,NA,NA,NA,NA,NA,NA,NA,NA,NA,NA,NA,NA,NA,NA,NA,NA,NA,NA,NA,NA,NA,NA,NA,NA,NA,NA,NA,NA,4,3002,2017-02-04 12:20:31,NA,NA,NA,NA,NA,NA,NA,NA,NA,NA,NA,NA,NA,NA,NA,NA,NA,NA,NA,NA,NA,NA,NA,NA,NA,NA,NA,NA,NA,NA,NA,NA,NA,NA,NA,NA,NA,NA,NA,NA,NA,NA,NA,NA,NA,NA,NA,NA,NA,NA,NA,NA,NA,NA,NA,NA,NA,NA,NA,NA,NA,NA,NA,3,3002,2017-02-04 13:12:11,NA,NA,NA,NA,NA,NA,NA,NA,NA,NA,NA,NA,NA,NA,NA,NA,NA,NA,NA,NA,NA,NA,NA,NA,NA,NA,NA,NA,NA,NA,NA,NA,NA,NA,NA,NA,NA,NA,NA,NA,NA,NA,NA,NA,NA,NA,NA,NA,NA,NA,NA,NA,NA,NA,NA,NA,NA,NA,NA,NA,NA,NA,NA,NA,NA,NA,NA,NA,NA,NA,NA,NA,NA,NA,NA,6,3009,2017-02-04 14:07:17,NA,NA,NA,NA,NA,NA,NA,NA,NA,NA,NA,NA,NA,NA,NA,NA,NA,NA,NA,NA,NA,NA,NA,NA,NA,NA,NA,NA,NA,NA,NA,NA,NA,NA,NA,NA,NA,NA,NA,NA,NA,NA,NA,NA,NA,NA,NA,NA,NA,NA,NA,NA,NA,NA,NA,NA,NA,NA,NA,NA,NA,NA,NA,NA,NA,NA,NA,NA,NA,NA,NA,NA,NA,NA,NA,NA,NA,NA,NA,NA,NA,NA,NA,NA,NA,NA,NA,3,3023,2017-02-04 14:29:42,NA,NA,NA,NA,NA,NA,NA,NA,NA,3,3023,2017-02-04 14:30:43,NA,NA,NA,4,3023,2017-02-04 14:31:14,NA,NA,NA,NA,NA,NA,NA,NA,NA,NA,NA,NA,NA,NA,NA,NA,NA,NA,NA,NA,NA,NA,NA,NA,NA,NA,NA,NA,NA,NA,NA,NA,NA,NA,NA,NA,NA,NA,NA,NA,NA,NA,NA,NA,NA,NA,NA,NA,NA,NA,NA,NA,NA,NA,NA,NA,NA,NA,NA,NA,NA,NA,NA,NA,NA,NA,NA,NA,NA,NA,NA,NA,NA,NA,NA,NA,NA,NA,NA,NA,NA,NA,NA,NA,NA,NA,NA,NA,NA,NA,NA,NA,NA,NA,NA,NA,NA,NA,NA,NA,NA,NA,NA,NA,NA
"13","H6_18","1001946","1001915","VISTA_ST_NE_+_SOUTH_DAKOTA_AVE_NE","SOUTH_DAKOTA_AVE_NE_+_FRANKLIN_ST_NE","LINESTRING(1321530.15311782 458979.193807567,1321585.60945701 459030.201593029,1321641.06557834 459081.209498238,1321641.06557834 459081.209498238,1321643.20312156 459070.284245274,1321645.34066657 459059.358992533,1321647.47821338 459048.433740052,1321649.61576197 459037.508487803,1321649.61576197 459037.508487803,1321652.46256232 459032.046499727,1321655.30936387 459026.584511986,1321658.15616661 459021.122524565,1321661.00297055 459015.660537479,1321661.00297055 459015.660537479,1321665.98373512 459009.288815921,1321670.96450214 459002.917095344,1321675.9452716 458996.545375734,1321680.92604351 458990.173657108,1321680.92604351 458990.173657108,1321723.61814513 458936.469467476,1321766.31042326 458882.765349534,1321809.00287791 458829.061303239,1321851.69550907 458775.35732861,1321851.69550907 458775.35732861,1321869.48362812 458754.422320769,1321887.27177585 458733.487325333,1321905.05995225 458712.552342309,1321922.84815732 458691.617371695,1321922.84815732 458691.617371695,1321952.16402355 458654.843955989,1321981.47997277 458618.070574087,1322010.79600498 458581.297225973,1322040.11212019 458544.523911648)","MULTIPOINT(-76.967626 38.92691,-76.965918 38.925721)",NA,NA,NA,NA,NA,NA,NA,NA,NA,NA,NA,NA,NA,NA,NA,NA,NA,NA,NA,NA,NA,NA,NA,NA,NA,NA,NA,NA,NA,NA,NA,NA,NA,NA,NA,NA,NA,NA,NA,NA,NA,NA,1,3002,2017-02-04 11:32:38,NA,NA,NA,NA,NA,NA,NA,NA,NA,NA,NA,NA,NA,NA,NA,NA,NA,NA,NA,NA,NA,NA,NA,NA,NA,NA,NA,NA,NA,NA,NA,NA,NA,NA,NA,NA,NA,NA,NA,NA,NA,NA,NA,NA,NA,NA,NA,NA,NA,NA,NA,NA,NA,NA,NA,NA,NA,NA,NA,NA,NA,NA,NA,NA,NA,NA,NA,NA,NA,NA,NA,NA,NA,NA,NA,NA,NA,NA,NA,NA,NA,NA,NA,NA,NA,NA,NA,NA,NA,NA,NA,NA,NA,NA,NA,NA,NA,NA,NA,NA,NA,NA,NA,NA,NA,NA,NA,NA,NA,NA,NA,NA,NA,NA,NA,NA,NA,NA,NA,NA,NA,NA,NA,NA,NA,NA,NA,NA,NA,NA,NA,NA,NA,NA,NA,NA,NA,NA,NA,NA,NA,2,3002,2017-02-04 13:18:11,NA,NA,NA,NA,NA,NA,NA,NA,NA,NA,NA,NA,NA,NA,NA,NA,NA,NA,NA,NA,NA,NA,NA,NA,NA,NA,NA,NA,NA,NA,NA,NA,NA,NA,NA,NA,NA,NA,NA,NA,NA,NA,NA,NA,NA,NA,NA,NA,NA,NA,NA,NA,NA,NA,NA,NA,NA,NA,NA,NA,NA,NA,NA,NA,NA,NA,NA,NA,NA,NA,NA,NA,NA,NA,NA,NA,NA,NA,NA,NA,NA,NA,NA,NA,NA,NA,NA,NA,NA,NA,NA,NA,NA,NA,NA,NA,NA,NA,NA,NA,NA,NA,NA,NA,NA,NA,NA,NA,NA,NA,NA,NA,NA,NA,NA,NA,NA,NA,NA,NA,NA,NA,NA,NA,NA,NA,NA,NA,NA,NA,NA,NA,NA,NA,NA,NA,NA,NA,NA,NA,NA,NA,NA,NA,NA,NA,NA,NA,NA,NA,NA,NA,NA,NA,NA,NA,NA,NA,NA,NA,NA,NA,NA,NA,NA,NA,NA,NA,NA,NA,NA,NA,NA,NA,NA,NA,NA,NA,NA,NA,NA,NA,NA,NA,NA,NA,3,3023,2017-02-04 14:36:41,NA,NA,NA,NA,NA,NA,NA,NA,NA,NA,NA,NA,NA,NA,NA,NA,NA,NA,NA,NA,NA,NA,NA,NA,NA,NA,NA,NA,NA,NA,NA,NA,NA,NA,NA,NA,NA,NA,NA,NA,NA,NA,NA,NA,NA,NA,NA,NA,NA,NA,NA,NA,NA,NA,NA,NA,NA,NA,NA,NA,NA,NA,NA,NA,NA,NA
"14","H6_13","1001900","1001899","FRANKLIN_ST_NE_+_18TH_ST_NE","FRANKLIN_ST_NE_+_20TH_ST_NE","LINESTRING(1318234.51188805 458479.281065275,1318272.20682826 458479.289657853,1318309.90176847 458479.298305148,1318309.90176847 458479.298305148,1318457.12561742 458478.422101414,1318604.3494765 458477.546732284,1318751.5733457 458476.672197739,1318898.79722502 458475.798497793,1318898.79722502 458475.798497793,1318949.29422717 458475.811312678,1318999.7912293 458475.824225746,1319050.2882314 458475.837236998)","MULTIPOINT(-76.979198 38.925533,-76.976394 38.925539)",NA,NA,NA,NA,NA,NA,NA,NA,NA,NA,NA,NA,NA,NA,NA,NA,NA,NA,NA,NA,NA,NA,NA,NA,NA,NA,NA,NA,NA,NA,NA,NA,NA,NA,NA,NA,NA,NA,NA,NA,NA,NA,NA,NA,NA,NA,NA,NA,NA,NA,NA,NA,NA,NA,NA,NA,NA,NA,NA,NA,NA,NA,NA,NA,NA,NA,NA,NA,NA,NA,NA,NA,NA,NA,NA,NA,NA,NA,NA,NA,NA,NA,NA,NA,NA,NA,NA,NA,NA,NA,NA,NA,NA,NA,NA,NA,NA,NA,NA,NA,NA,NA,NA,NA,NA,NA,NA,NA,NA,NA,NA,NA,NA,NA,NA,NA,NA,NA,NA,NA,NA,NA,NA,NA,NA,NA,NA,NA,NA,NA,NA,NA,NA,NA,NA,NA,NA,NA,NA,NA,NA,NA,NA,NA,NA,NA,NA,NA,NA,NA,NA,NA,NA,NA,NA,NA,NA,NA,NA,NA,NA,NA,NA,NA,NA,NA,NA,NA,3,3002,2017-02-04 13:15:19,NA,NA,NA,NA,NA,NA,NA,NA,NA,NA,NA,NA,NA,NA,NA,NA,NA,NA,NA,NA,NA,NA,NA,NA,NA,NA,NA,NA,NA,NA,NA,NA,NA,NA,NA,NA,NA,NA,NA,NA,NA,NA,NA,NA,NA,NA,NA,NA,NA,NA,NA,NA,NA,NA,NA,NA,NA,NA,NA,NA,NA,NA,NA,7,3009,2017-02-04 14:08:39,NA,NA,NA,8,3009,2017-02-04 14:09:41,NA,NA,NA,NA,NA,NA,NA,NA,NA,NA,NA,NA,NA,NA,NA,NA,NA,NA,NA,NA,NA,NA,NA,NA,NA,NA,NA,NA,NA,NA,NA,NA,NA,NA,NA,NA,NA,NA,NA,NA,NA,NA,NA,NA,NA,NA,NA,NA,NA,NA,NA,NA,NA,NA,NA,NA,NA,NA,NA,NA,NA,NA,NA,NA,NA,NA,NA,NA,NA,NA,NA,NA,NA,NA,NA,NA,NA,NA,NA,NA,NA,NA,NA,NA,NA,NA,NA,NA,NA,NA,NA,NA,NA,NA,NA,NA,NA,NA,NA,NA,NA,NA,NA,NA,NA,NA,NA,NA,NA,NA,NA,NA,NA,NA,5,3023,2017-02-04 14:33:35,NA,NA,NA,NA,NA,NA,NA,NA,NA,NA,NA,NA,NA,NA,NA,NA,NA,NA,NA,NA,NA,NA,NA,NA,NA,NA,NA,NA,NA,NA,NA,NA,NA,NA,NA,NA,NA,NA,NA,NA,NA,NA,NA,NA,NA,NA,NA,NA,NA,NA,NA,NA,NA,NA,NA,NA,NA,NA,NA,NA,NA,NA,NA,NA,NA,NA,2,3009,2017-02-04 14:55:05,NA,NA,NA,NA,NA,NA,NA,NA,NA,NA,NA,NA,NA,NA,NA
"15","H6_11","1001917","1001902","FRANKLIN_ST_NE_+_15TH_ST_NE","FRANKLIN_ST_NE_+_RHODE_ISLAND_AVE_NE","LINESTRING(1316868.94533584 458559.130790027,1316921.57520184 458562.782040091,1316921.57520184 458562.782040091,1316945.75678385 458562.786323526,1316969.93836587 458562.790629468,1316994.11994787 458562.79495794,1317018.30152987 458562.799308916,1317018.30152987 458562.799308916,1317024.70270135 458561.889963145,1317031.10387327 458560.980618941,1317037.50504564 458560.071276311,1317043.90621846 458559.161935262,1317043.90621846 458559.161935262,1317049.59633395 458557.341965347,1317055.28645024 458555.521996665,1317060.97656732 458553.702029232,1317066.66668521 458551.882063067,1317066.66668521 458551.882063067,1317076.62447657 458548.241874627,1317086.58227073 458544.601690007,1317096.54006768 458540.961509225,1317106.49786742 458537.321332257,1317106.49786742 458537.321332257,1317114.32216618 458532.770264966,1317122.14646767 458528.21920005,1317129.97077191 458523.668137493,1317137.79507889 458519.117077298,1317137.79507889 458519.117077298,1317152.0212522 458510.014700066,1317166.24743547 458500.912330668,1317180.47362872 458491.809969105,1317194.69983194 458482.707615379,1317194.69983194 458482.707615379,1317214.61413735 458482.711350709,1317234.52844276 458482.715101311,1317254.44274817 458482.718867181,1317274.35705358 458482.72264832)","MULTIPOINT(-76.984003 38.925749,-76.982517 38.925536)",NA,NA,NA,NA,NA,NA,NA,NA,NA,NA,NA,NA,NA,NA,NA,NA,NA,NA,NA,NA,NA,NA,NA,NA,NA,NA,NA,NA,NA,NA,NA,NA,NA,NA,NA,NA,NA,NA,NA,NA,NA,NA,NA,NA,NA,NA,NA,NA,NA,NA,NA,NA,NA,NA,NA,NA,NA,NA,NA,NA,NA,NA,NA,NA,NA,NA,NA,NA,NA,NA,NA,NA,NA,NA,NA,NA,NA,NA,NA,NA,NA,NA,NA,NA,NA,NA,NA,NA,NA,NA,4,3002,2017-02-04 12:21:56,NA,NA,NA,5,3002,2017-02-04 12:22:26,NA,NA,NA,NA,NA,NA,NA,NA,NA,NA,NA,NA,NA,NA,NA,NA,NA,NA,NA,NA,NA,NA,NA,NA,NA,NA,NA,NA,NA,NA,NA,NA,NA,NA,NA,NA,NA,NA,NA,NA,NA,NA,NA,NA,NA,NA,NA,NA,NA,NA,NA,NA,NA,NA,NA,NA,NA,4,3002,2017-02-04 13:13:12,NA,NA,NA,NA,NA,NA,NA,NA,NA,NA,NA,NA,NA,NA,NA,NA,NA,NA,NA,NA,NA,NA,NA,NA,NA,NA,NA,NA,NA,NA,NA,NA,NA,NA,NA,NA,NA,NA,NA,NA,NA,NA,NA,NA,NA,NA,NA,NA,NA,NA,NA,NA,NA,NA,NA,NA,NA,NA,NA,NA,NA,NA,NA,NA,NA,NA,NA,NA,NA,NA,NA,NA,NA,NA,NA,NA,NA,NA,NA,NA,NA,NA,NA,NA,NA,NA,NA,NA,NA,NA,NA,NA,NA,NA,NA,NA,NA,NA,NA,NA,NA,NA,NA,NA,NA,NA,NA,NA,NA,NA,NA,NA,NA,NA,NA,NA,NA,NA,NA,NA,NA,NA,NA,NA,NA,NA,NA,NA,NA,NA,NA,NA,NA,NA,NA,NA,NA,NA,NA,NA,NA,NA,NA,NA,NA,NA,NA,NA,NA,NA,NA,NA,NA,NA,NA,NA,NA,NA,NA,NA,NA,NA,NA,NA,NA,NA,NA,NA,NA,NA,NA,NA,NA,NA,NA,NA,NA,NA,NA,NA,NA,NA,NA,NA,NA,NA,NA,NA,NA,4,3023,2017-02-04 14:31:52,NA,NA,NA,NA,NA,NA,NA,NA,NA,NA,NA,NA,NA,NA,NA,NA,NA,NA,NA,NA,NA,NA,NA,NA,NA,NA,NA,NA,NA,NA,NA,NA,NA,NA,NA,NA,NA,NA,NA,NA,NA,NA,NA,NA,NA,NA,NA,NA,NA,NA,NA,NA,NA,NA,NA,NA,NA,NA,NA,NA,NA,NA,NA,NA,NA,NA,NA,NA,NA,NA,NA,NA,NA,NA,NA,NA,NA,NA,NA,NA,NA,NA,NA,NA,NA,NA,NA,NA,NA,NA,NA,NA,NA
"16","H6_15","1001897","1001896","FRANKLIN_ST_NE_+_22ND_ST_NE","FRANKLIN_ST_NE_+_24TH_ST_NE","LINESTRING(1319615.71138684 458479.631636083,1319648.4277496 458479.640830609,1319681.14411236 458479.650066354,1319681.14411236 458479.650066354,1319696.07984318 458479.654296373,1319711.01557399 458479.658534979,1319725.95130481 458479.662782186,1319740.88703562 458479.667037965,1319740.88703562 458479.667037965,1319868.19609588 458480.614163362,1319995.50514704 458481.561912838,1320122.81418909 458482.510286364,1320250.12322203 458483.459283979)","MULTIPOINT(-76.974384 38.925539,-76.972335 38.925539)",NA,NA,NA,NA,NA,NA,NA,NA,NA,NA,NA,NA,NA,NA,NA,NA,NA,NA,NA,NA,NA,NA,NA,NA,NA,NA,NA,NA,NA,NA,2,3002,2017-02-04 11:30:32,NA,NA,NA,NA,NA,NA,NA,NA,NA,NA,NA,NA,NA,NA,NA,NA,NA,NA,NA,NA,NA,NA,NA,NA,NA,NA,NA,NA,NA,NA,NA,NA,NA,NA,NA,NA,NA,NA,NA,NA,NA,NA,NA,NA,NA,NA,NA,NA,NA,NA,NA,NA,NA,NA,NA,NA,NA,NA,NA,NA,NA,NA,NA,NA,NA,NA,NA,NA,NA,NA,NA,NA,NA,NA,NA,NA,NA,NA,NA,NA,NA,NA,NA,NA,NA,NA,NA,NA,NA,NA,NA,NA,NA,NA,NA,NA,NA,NA,NA,NA,NA,NA,NA,NA,NA,NA,NA,NA,NA,NA,NA,NA,NA,NA,NA,NA,NA,NA,NA,NA,NA,NA,NA,NA,NA,NA,NA,NA,NA,NA,NA,NA,NA,NA,NA,NA,NA,NA,NA,NA,NA,3,3002,2017-02-04 13:16:28,NA,NA,NA,NA,NA,NA,NA,NA,NA,NA,NA,NA,NA,NA,NA,NA,NA,NA,NA,NA,NA,NA,NA,NA,NA,NA,NA,NA,NA,NA,NA,NA,NA,NA,NA,NA,NA,NA,NA,NA,NA,NA,NA,NA,NA,NA,NA,NA,NA,NA,NA,NA,NA,NA,NA,NA,NA,NA,NA,NA,NA,NA,NA,NA,NA,NA,NA,NA,NA,9,3009,2017-02-04 14:10:43,NA,NA,NA,NA,NA,NA,NA,NA,NA,NA,NA,NA,NA,NA,NA,NA,NA,NA,NA,NA,NA,NA,NA,NA,NA,NA,NA,NA,NA,NA,NA,NA,NA,NA,NA,NA,NA,NA,NA,NA,NA,NA,NA,NA,NA,NA,NA,NA,NA,NA,NA,NA,NA,NA,NA,NA,NA,NA,NA,NA,NA,NA,NA,NA,NA,NA,NA,NA,NA,NA,NA,NA,NA,NA,NA,NA,NA,NA,NA,NA,NA,NA,NA,NA,NA,NA,NA,NA,NA,NA,NA,NA,NA,NA,NA,NA,NA,NA,NA,NA,NA,NA,NA,NA,NA,NA,NA,NA,NA,NA,NA,NA,NA,NA,4,3023,2017-02-04 14:34:43,NA,NA,NA,NA,NA,NA,NA,NA,NA,NA,NA,NA,NA,NA,NA,NA,NA,NA,NA,NA,NA,NA,NA,NA,NA,NA,NA,NA,NA,NA,NA,NA,NA,NA,NA,NA,NA,NA,NA,NA,NA,NA,NA,NA,NA,NA,NA,NA,NA,NA,NA,NA,NA,NA,NA,NA,NA,NA,NA,NA,NA,NA,NA,NA,NA,NA,3,3009,2017-02-04 14:55:59,NA,NA,NA,NA,NA,NA,NA,NA,NA
"17","H6_17","1001894","1001946","FRANKLIN_ST_NE_+_26TH_ST_NE","VISTA_ST_NE_+_SOUTH_DAKOTA_AVE_NE","LINESTRING(1320779.41699394 458483.626025274,1320827.63806034 458483.641752315,1320827.63806034 458483.641752315,1320832.61663651 458483.643381149,1320837.59521269 458483.645010936,1320842.57378886 458483.64664168,1320847.55236503 458483.648273381,1320847.55236503 458483.648273381,1320856.08706704 458483.651072796,1320864.62176906 458483.653875018,1320873.15647106 458483.656680047,1320881.69117307 458483.659487877,1320881.69117307 458483.659487877,1320910.85140492 458483.669102462,1320940.01163677 458483.678749782,1320969.1718686 458483.688429859,1320998.33210042 458483.69814267,1320998.33210042 458483.69814267,1321010.42292825 458483.702179533,1321022.51375607 458483.706222028,1321034.6045839 458483.71027015,1321046.69541171 458483.714323912,1321046.69541171 458483.714323912,1321052.38460168 458485.53723591,1321058.07379085 458487.360149181,1321063.76297922 458489.183063697,1321069.4521668 458491.005979454,1321069.4521668 458491.005979454,1321073.00706601 458494.64918078,1321076.56196424 458498.292382593,1321080.11686146 458501.935584904,1321083.67175769 458505.578787707,1321083.67175769 458505.578787707,1321104.28989013 458527.437774658,1321124.90798786 458549.296778243,1321145.52605087 458571.155798434,1321166.14407917 458593.014835236,1321166.14407917 458593.014835236,1321207.37909827 458639.464462528,1321248.61396984 458685.914156403,1321289.84869388 458732.363916842,1321331.08327037 458778.813743861,1321331.08327037 458778.813743861,1321353.12246184 458803.404928381,1321375.16161158 458827.996131881,1321397.20071956 458852.587354405,1321419.2397858 458877.178595946,1321419.2397858 458877.178595946,1321474.69656074 458928.186141885,1321530.15311782 458979.193807567)","MULTIPOINT(-76.970363 38.925542,-76.967626 38.92691)",NA,NA,NA,NA,NA,NA,NA,NA,NA,NA,NA,NA,NA,NA,NA,NA,NA,NA,NA,NA,NA,NA,NA,NA,NA,NA,NA,NA,NA,NA,NA,NA,NA,NA,NA,NA,1,3002,2017-02-04 11:31:43,NA,NA,NA,NA,NA,NA,NA,NA,NA,NA,NA,NA,NA,NA,NA,NA,NA,NA,NA,NA,NA,NA,NA,NA,NA,NA,NA,NA,NA,NA,NA,NA,NA,NA,NA,NA,NA,NA,NA,NA,NA,NA,NA,NA,NA,NA,NA,NA,NA,NA,NA,NA,NA,NA,NA,NA,NA,NA,NA,NA,NA,NA,NA,NA,NA,NA,NA,NA,NA,3,3002,2017-02-04 12:24:34,NA,NA,NA,3,3002,2017-02-04 12:25:28,NA,NA,NA,NA,NA,NA,NA,NA,NA,NA,NA,NA,NA,NA,NA,NA,NA,NA,NA,NA,NA,NA,NA,NA,NA,NA,NA,NA,NA,NA,NA,NA,NA,NA,NA,NA,NA,NA,NA,NA,NA,NA,NA,NA,NA,NA,NA,NA,NA,NA,NA,NA,NA,NA,NA,NA,NA,NA,NA,NA,NA,NA,NA,NA,NA,NA,NA,NA,NA,NA,NA,NA,NA,NA,NA,NA,NA,NA,NA,NA,NA,NA,NA,NA,NA,NA,NA,NA,NA,NA,NA,NA,NA,NA,NA,NA,NA,NA,NA,NA,NA,NA,NA,NA,NA,NA,NA,NA,NA,NA,NA,NA,NA,NA,NA,NA,NA,NA,NA,NA,NA,NA,NA,NA,NA,NA,NA,NA,NA,NA,NA,NA,NA,NA,NA,9,3009,2017-02-04 14:11:25,NA,NA,NA,5,3009,2017-02-04 14:12:28,NA,NA,NA,NA,NA,NA,NA,NA,NA,NA,NA,NA,NA,NA,NA,NA,NA,NA,NA,NA,NA,NA,NA,NA,NA,NA,NA,NA,NA,NA,NA,NA,NA,NA,NA,NA,NA,NA,NA,NA,NA,NA,NA,NA,NA,NA,NA,NA,NA,NA,NA,NA,NA,NA,NA,NA,NA,NA,NA,NA,NA,NA,NA,NA,NA,NA,NA,NA,NA,NA,NA,NA,NA,NA,NA,NA,NA,NA,NA,NA,NA,NA,NA,NA,NA,NA,NA,NA,NA,NA,NA,NA,NA,NA,NA,NA,NA,NA,NA,NA,NA,NA,NA,NA,NA,NA,NA,NA,NA,NA,NA,NA,NA,NA,NA,NA,NA,NA,NA,NA,NA,NA,NA,NA,NA,NA,NA,NA,NA,NA,NA,NA,NA,NA,NA,NA,NA,NA,NA,NA,NA,NA,NA,NA,NA,NA,NA,NA,NA,NA,NA,NA,NA,NA,NA,NA,NA,NA,NA,NA,NA,NA,NA,NA,NA,NA,NA,NA,NA,NA,NA,NA,NA,NA,NA,NA,NA,0,3009,2017-02-04 14:56:37,NA,NA,NA
"18","H6_01","1003182","1002218","BROOKLAND-CUA_STATION_+_BUS_BAY_C","BUNKER_HILL_RD_NE_+_MICHIGAN_AVE_NE","LINESTRING(1314042.37117578 461195.604516304,1314042.44229686 461195.513470736,1314042.51341795 461195.422425155,1314042.58453903 461195.331379592,1314042.65566011 461195.24033402,1314042.65566011 461195.24033402,1314044.71841178 461188.958002377,1314046.78116445 461182.67567091,1314048.84391812 461176.393339643,1314050.90667279 461170.111008562,1314050.90667279 461170.111008562,1314055.17394461 461164.648275995,1314059.44121821 461159.185544158,1314063.70849361 461153.722813046,1314067.97577082 461148.260082635,1314067.97577082 461148.260082635,1314077.22093279 461145.52919431,1314086.46609671 461142.798309274,1314095.71126257 461140.067427538,1314104.95643038 461137.336549091,1314104.95643038 461137.336549091,1314112.06764349 461141.889547768,1314119.17885411 461146.44254841,1314126.29006224 461150.995551013,1314133.40126786 461155.548555571,1314133.40126786 461155.548555571,1314135.53421834 461162.832723691,1314137.66716761 461170.116891996,1314139.80011568 461177.401060514,1314141.93306257 461184.685229237,1314141.93306257 461184.685229237,1314141.93242843 461193.790254551,1314141.93179428 461202.895279901,1314141.93116014 461212.000305293,1314141.930526 461221.105330746,1314141.930526 461221.105330746,1314136.23866939 461259.34604244,1314130.54682952 461297.58675616,1314124.85500642 461335.827471869,1314119.16320007 461374.068189595,1314119.16320007 461374.068189595,1314118.0957614 461384.538896407,1314117.02832359 461395.009603317,1314115.96088664 461405.480310325,1314114.89345054 461415.951017425,1314114.89345054 461415.951017425,1314113.82602155 461426.330674372,1314112.75859342 461436.710331421,1314111.69116613 461447.089988554,1314110.6237397 461457.469645803,1314110.6237397 461457.469645803,1314110.62373347 461457.560696068,1314110.62372724 461457.651746343,1314110.62372101 461457.742796608,1314110.62371478 461457.833846868,1314110.62371478 461457.833846868,1314108.48972344 461466.028224884,1314106.35573346 461474.222603105,1314104.22174482 461482.416981544,1314102.08775753 461490.611360183,1314102.08775753 461490.611360183,1314098.53173396 461495.163631607,1314094.97571164 461499.715903528,1314091.41969057 461504.268175951,1314087.86367075 461508.820448866,1314087.86367075 461508.820448866,1314083.16931542 461520.929817895,1314078.47496446 461533.03918783,1314073.78061788 461545.148558685,1314069.08627568 461557.257930488,1314069.08627568 461557.257930488,1314068.80177669 461557.895263362,1314068.51727771 461558.532596254,1314068.23277874 461559.169929133,1314067.94827979 461559.80726203,1314067.94827979 461559.80726203,1314105.77956624 461580.478228331,1314143.61079247 461601.149249972,1314181.44195847 461621.820326961,1314219.27306424 461642.491459269,1314219.27306424 461642.491459269,1314219.84195532 461642.764651413,1314220.41084639 461643.037843579,1314220.97973745 461643.311035755,1314221.5486285 461643.584227935,1314221.5486285 461643.584227935,1314242.88178309 461657.243329234,1314264.21491525 461670.902448166,1314285.54802496 461684.561584722,1314306.88111222 461698.220738893,1314306.88111222 461698.220738893,1314314.70348175 461700.042340131,1314322.52585018 461701.863943731,1314330.34821752 461703.685549686,1314338.17058376 461705.507157992,1314338.17058376 461705.507157992,1314349.54877471 461705.508038948,1314360.92696567 461705.50892489,1314372.30515663 461705.509815817,1314383.68334758 461705.510711725,1314383.68334758 461705.510711725,1314381.54692046 461743.751660294,1314379.41049962 461781.992609801,1314377.27408506 461820.233560233,1314375.13767679 461858.474511618,1314375.13767679 461858.474511618,1314375.9197366 461860.84188054,1314376.70179627 461863.209249491,1314377.48385579 461865.57661846,1314378.26591517 461867.943987462,1314378.26591517 461867.943987462,1314391.70304247 461909.281879312,1314405.14012699 461950.619778983,1314418.57716871 461991.957686492,1314432.01416764 462033.295601873,1314432.01416764 462033.295601873,1314434.075901 462039.942440027,1314436.13763331 462046.589278376,1314438.19936456 462053.236116906,1314440.26109475 462059.882955622,1314440.26109475 462059.882955622,1314442.46501972 462066.894007265,1314444.6689435 462073.905059107,1314446.87286608 462080.916111173,1314449.07678748 462087.927163443,1314449.07678748 462087.927163443,1314449.07589725 462098.853198947,1314449.07500701 462109.779234512,1314449.07411678 462120.705270138,1314449.07322655 462131.631305823,1314449.07322655 462131.631305823,1314446.93896143 462142.557167859,1314444.80469809 462153.483030103,1314442.67043655 462164.408892603,1314440.53617681 462175.33475534,1314440.53617681 462175.33475534,1314454.04418789 462216.308490625,1314467.55215632 462257.282233804)","MULTIPOINT(-76.994119 38.93314,-76.992388 38.935971)",2,3002,2017-02-04 11:21:45,NA,NA,NA,NA,NA,NA,NA,NA,NA,NA,NA,NA,NA,NA,NA,NA,NA,NA,NA,NA,NA,NA,NA,NA,NA,NA,NA,NA,NA,NA,NA,NA,NA,NA,NA,NA,NA,NA,NA,NA,NA,NA,NA,NA,NA,4,3002,2017-02-04 12:15:06,NA,NA,NA,4,3002,2017-02-04 12:15:41,NA,NA,NA,NA,NA,NA,NA,NA,NA,NA,NA,NA,NA,NA,NA,NA,NA,NA,NA,NA,NA,NA,NA,NA,NA,NA,NA,NA,NA,NA,NA,NA,NA,NA,NA,NA,NA,NA,NA,NA,NA,NA,NA,NA,NA,NA,NA,NA,NA,NA,NA,NA,NA,NA,NA,NA,NA,NA,NA,NA,NA,NA,NA,4,3002,2017-02-04 13:07:20,NA,NA,NA,NA,NA,NA,NA,NA,NA,NA,NA,NA,NA,NA,NA,NA,NA,NA,NA,NA,NA,NA,NA,NA,NA,NA,NA,NA,NA,NA,NA,NA,NA,NA,NA,NA,NA,NA,NA,NA,NA,NA,NA,NA,NA,NA,NA,NA,NA,NA,NA,NA,NA,NA,NA,NA,NA,NA,NA,NA,NA,NA,NA,NA,NA,NA,NA,NA,NA,1,3009,2017-02-04 13:58:34,1,3009,2017-02-04 13:59:36,1,3009,2017-02-04 14:00:49,NA,NA,NA,NA,NA,NA,NA,NA,NA,NA,NA,NA,NA,NA,NA,NA,NA,NA,NA,NA,NA,NA,NA,NA,NA,NA,NA,NA,NA,NA,NA,NA,NA,NA,NA,NA,NA,NA,NA,NA,NA,NA,NA,NA,NA,NA,NA,NA,NA,NA,NA,NA,NA,NA,NA,NA,NA,NA,NA,NA,NA,NA,NA,NA,NA,NA,0,3023,2017-02-04 14:21:34,NA,NA,NA,2,3023,2017-02-04 14:23:28,NA,NA,NA,NA,NA,NA,NA,NA,NA,NA,NA,NA,NA,NA,NA,NA,NA,NA,NA,NA,NA,NA,NA,NA,NA,NA,NA,NA,NA,NA,NA,NA,NA,NA,NA,NA,NA,NA,NA,NA,NA,NA,NA,NA,NA,NA,NA,NA,NA,NA,NA,NA,NA,NA,NA,NA,NA,NA,NA,NA,NA,NA,NA,NA,NA,NA,NA,NA,NA,NA,NA,NA,NA,NA,NA,NA,NA,NA,NA,NA,NA,NA,NA,NA,NA,NA,NA,NA,NA,NA,NA,NA,NA,NA,NA,NA,NA,NA,NA,NA,NA,NA,NA,NA,NA,NA,NA,NA,6,3009,2017-02-04 14:47:00,NA,NA,NA,1,3009,2017-02-04 14:47:32,NA,NA,NA,NA,NA,NA,NA,NA,NA,NA,NA,NA,NA,NA,NA,NA,NA,NA,NA,NA,NA,NA,NA,NA,NA,NA,NA,NA,NA,NA,NA,NA,NA,NA,NA,NA,NA,NA,NA,NA,NA,NA,NA,NA,NA,NA,NA,NA,NA,NA,NA
